{"0":{"0":0.481365710480905,"1":0.398955070727781,"10":0.00817291455669242,"11":0.0248872817493014,"12":0.0151487232442532,"13":0.0303567836024248,"14":0.0458813033801692,"15":0.0227798561203246,"16":0.0342431291806582,"17":0.106419274328659,"18":0.0243885359708676,"19":0.0184700469302111,"2":0.432347228853726,"20":0.0151335803264882,"21":0.0309482176843363,"22":0.0393025495226554,"23":0.035454161244232,"24":0.0191000149001357,"25":0.00635889213890343,"26":0.014592838527019,"27":0.0183273553186143,"28":0.0320164172795574,"29":0.00927942257405849,"3":0.429686027276622,"30":0.00656076679843939,"31":0.010733399601336,"32":0.0102710881939729,"33":0.0154490054982628,"34":0.00492916197951465,"35":0.00645831548320536,"36":0.00910348746215808,"37":0.00116933245565828,"38":0.00474956682370379,"39":0.00793868416481636,"4":0.496785010796325,"40":0.00429704168344027,"41":0.00502654941728617,"42":0.0239085693798857,"43":0.0221439440809849,"44":0.0254439732677153,"45":0.0102663088494311,"46":0.0097223027931091,"47":0.0602501295409466,"48":0.00435897027758822,"5":0.419982958037457,"6":0.440119981210636,"7":0.0621726480642782,"8":0.00571669676513281,"9":0.041553128772546},"1":{"0":0.0443587517814179,"1":0.0309786252246442,"10":0.370109492549648,"11":0.349459106115916,"12":0.436404339701651,"13":0.463128234384351,"14":0.0280694438654709,"15":0.0443639852036089,"16":0.0396395127764486,"17":0.0346384328220839,"18":0.0210087007866621,"19":0.00966964518842981,"2":0.00520696324672531,"20":0.013703679576512,"21":0.00303048001004139,"22":0.0447407707722256,"23":0.00764574698124002,"24":0.0106310094584362,"25":0.0033180599811298,"26":0.0122741352103408,"27":0.0196661944913659,"28":0.0140123525972884,"29":0.0137435391878592,"3":0.0671477004182587,"30":0.00651515913306532,"31":0.00829241153187982,"32":0.00619045218666952,"33":0.0126042905252458,"34":0.00622140651334996,"35":0.0188230833924809,"36":0.0453039054244552,"37":0.00152039322986606,"38":0.0906982544199835,"39":0.0504681842521394,"4":0.00907709303350963,"40":0.0479819280149232,"41":0.0494434662885578,"42":0.0302946304442638,"43":0.0530573196522268,"44":0.0566902829551302,"45":0.00511077468496862,"46":0.00783975978517895,"47":0.0286759833213318,"48":0.00455709253687944,"5":0.00575089954949264,"6":0.0280931807487114,"7":0.467604856368043,"8":0.563740937074231,"9":0.457292629533933},"2":{"0":0.0185943386379354,"1":0.0859099978339865,"10":0.0262058781813353,"11":0.043493928661513,"12":0.021433991720775,"13":0.021910203599712,"14":0.44006580571064,"15":0.410673716134911,"16":0.561877096267684,"17":0.480241179567137,"18":0.468857328039287,"19":0.422203549372101,"2":0.01517819738472,"20":0.409759835979116,"21":0.0213827770760624,"22":0.0356387715930002,"23":0.0508548410584659,"24":0.0741177871210409,"25":0.0145691744261032,"26":0.0505215447811228,"27":0.0415336126690351,"28":0.0268578471637447,"29":0.102964681640065,"3":0.0709989201450478,"30":0.041795398904621,"31":0.0863248373811784,"32":0.0702219968051775,"33":0.0907465514617373,"34":0.0167817964405272,"35":0.0462834663895513,"36":0.0246061818989201,"37":0.00144596342465212,"38":0.0156684976863348,"39":0.0686848325560359,"4":0.0472656673126001,"40":0.00859662117351476,"41":0.0587975254485832,"42":0.0975991826281084,"43":0.0237835916070989,"44":0.0322766744920565,"45":0.0121793901288394,"46":0.0155521257445243,"47":0.0267364642345242,"48":0.0135260343150173,"5":0.022139172623359,"6":0.0132558770321583,"7":0.0372263676562259,"8":0.0197341490631515,"9":0.0348881525575172},"3":{"0":0.0245421213878163,"1":0.0367051289969329,"10":0.0112027972951227,"11":0.00598872679723496,"12":0.0109950026405788,"13":0.0444334034727405,"14":0.0127279123729779,"15":0.0332541697818504,"16":0.0634173871151678,"17":0.0541603122766538,"18":0.051763718996394,"19":0.068628654351594,"2":0.0142927894236445,"20":0.0155115132978321,"21":0.41823392750721,"22":0.414460561705868,"23":0.443271623743849,"24":0.421124504086648,"25":0.323257869518641,"26":0.496870677722316,"27":0.495369807198839,"28":0.00998194190739851,"29":0.00690924450501267,"3":0.0136230057431742,"30":0.00904991268410097,"31":0.0056281599501565,"32":0.0165430748905059,"33":0.0213080024719613,"34":0.00592840566658638,"35":0.0135675205958783,"36":0.0294788580801888,"37":0.00161593505224024,"38":0.0151783758885411,"39":0.00785818804120935,"4":0.0330822221371728,"40":0.00842947840582894,"41":0.0359489315974345,"42":0.0347929706371336,"43":0.0530005927234934,"44":0.0677341064875834,"45":0.0630983337230817,"46":0.0718701659861489,"47":0.0830593373386222,"48":0.00616546931829092,"5":0.0395168963342571,"6":0.00892903583553838,"7":0.00658607456104302,"8":0.00887076839061635,"9":0.0178223227618278},"4":{"0":0.00439880865926607,"1":0.0128505931893481,"10":0.00861993361834464,"11":0.0115296547388544,"12":0.00722446351358178,"13":0.00487232645857207,"14":0.101358823883265,"15":0.0430230972011625,"16":0.0721039820400869,"17":0.0569944294001761,"18":0.0591652657115581,"19":0.0255460987578567,"2":0.00698855154038002,"20":0.0757465590978978,"21":0.0116489432198097,"22":0.00591447744606503,"23":0.00918465320712678,"24":0.00746354875199971,"25":0.00523425670429658,"26":0.0101274190892879,"27":0.0132605665948762,"28":0.410190004328658,"29":0.504163236871853,"3":0.0199943971039116,"30":0.358672731812079,"31":0.568134481058695,"32":0.497476207124136,"33":0.508664948209896,"34":0.489129924317897,"35":0.0609748985562846,"36":0.00770840709512419,"37":0.0013548366588539,"38":0.00632967930250297,"39":0.0410774512270146,"4":0.0079314733011343,"40":0.00539208515192592,"41":0.0107988987808002,"42":0.0429023940887446,"43":0.00571252419443273,"44":0.0112381725397802,"45":0.00929659102025648,"46":0.00719718878963924,"47":0.0139039963567296,"48":0.0184115063504039,"5":0.0101525778760269,"6":0.0201243570993402,"7":0.0213614939319623,"8":0.0059730647806433,"9":0.00674598701915599},"5":{"0":0.0063440956755924,"1":0.00833929604043895,"10":0.0488531117706604,"11":0.026455252762166,"12":0.0481121530560193,"13":0.0422534542130227,"14":0.0611919556862346,"15":0.0224630878338607,"16":0.0419618600507828,"17":0.0149404638405394,"18":0.0379293890801869,"19":0.0140235340836992,"2":0.00383902403882122,"20":0.0111009179696711,"21":0.00364266122904934,"22":0.0126784403302072,"23":0.0140201560210357,"24":0.0103440150681239,"25":0.00695233756305212,"26":0.0264939850196965,"27":0.0269763532852857,"28":0.00614043508331144,"29":0.0486822404884921,"3":0.00636128535055633,"30":0.0314333680992309,"31":0.0100049817522308,"32":0.0121537060862493,"33":0.0176958976889356,"34":0.00708922006067751,"35":0.392754470229784,"36":0.42037429242188,"37":0.499476680824157,"38":0.500785823998589,"39":0.40691227411102,"4":0.0073917677242041,"40":0.404535878084708,"41":0.408170705746577,"42":0.0356584580694197,"43":0.0294057761070556,"44":0.0621024580854558,"45":0.00631988558427569,"46":0.00832686232294941,"47":0.0340002531039828,"48":0.00458594555370897,"5":0.0042019542043172,"6":0.00790963341767775,"7":0.0386075124028129,"8":0.0739779665849993,"9":0.0121957497214728},"6":{"0":0.0172964258127571,"1":0.0302836078952011,"10":0.0103076921468491,"11":0.0076086072512363,"12":0.0153539345299506,"13":0.0692984315819536,"14":0.0083271716877738,"15":0.0566016719473519,"16":0.0484767027085984,"17":0.0136843788640085,"18":0.0669593644686386,"19":0.0162093592643526,"2":0.0136379548761831,"20":0.0149318390794596,"21":0.0342028954873997,"22":0.050735503399958,"23":0.0510953418698483,"24":0.0243055471069512,"25":0.0532415871607659,"26":0.0886276119165886,"27":0.0668562540539994,"28":0.00749138290004754,"29":0.0161231409886247,"3":0.0117723021614568,"30":0.0362694036897538,"31":0.00746155912732909,"32":0.0171550506857578,"33":0.0265672125957403,"34":0.0134135185961685,"35":0.0353670674683394,"36":0.0289945128983483,"37":0.00169033799758439,"38":0.0393239810800581,"39":0.00791238216926124,"4":0.0371920918338095,"40":0.0296742076040378,"41":0.0484145752126623,"42":0.42707411572094,"43":0.498361534389604,"44":0.42901791415229,