{"0":{"0":0.486074273648931,"1":0.508280174822172,"10":0.0536001285201091,"11":0.0213899735832831,"12":0.0472325938532528,"13":0.027999264652534,"14":0.0244097849658981,"15":0.0264018247159435,"16":0.0418792250936102,"17":0.0596864075823907,"18":0.0331379143544726,"19":0.0675466665028032,"2":0.414797144248574,"20":0.0314313413720404,"21":0.0307517530609592,"22":0.0380434831960788,"23":0.0132849136278373,"24":0.0098996211585056,"25":0.0242447524618294,"26":0.0157618504817069,"27":0.0321015733371851,"28":0.0382598892872843,"29":0.0564244668104832,"3":0.48026990171341,"30":0.043814683890914,"31":0.0249837634859808,"32":0.014542412781548,"33":0.048688671512865,"34":0.011725378110055,"35":0.030188062244132,"36":0.0104733472320488,"37":0.0213241871271173,"38":0.0314566085975213,"39":0.0181671135449872,"4":0.470403118682902,"40":0.00712362543043719,"41":0.0196587820000461,"42":0.025509919516457,"43":0.0325387564682615,"44":0.0321487096684908,"45":0.0699701714098605,"46":0.0436521045061867,"47":0.00724578719737825,"48":0.009689911046265,"5":0.380059329443414,"6":0.364796262594342,"7":0.0548253624351603,"8":0.055402341212874,"9":0.0957166677515149},"1":{"0":0.0791444241234754,"1":0.0397193901072652,"10":0.454320624950291,"11":0.464579336810681,"12":0.440127952599576,"13":0.437217056405853,"14":0.0287140137272597,"15":0.116269739101899,"16":0.0436848385050482,"17":0.0881441662885074,"18":0.0149925656560377,"19":0.0751776649353873,"2":0.0077042496971731,"20":0.0168116241223801,"21":0.0406809369044553,"22":0.0288124794848742,"23":0.0415785335887101,"24":0.0563310474321569,"25":0.00922454583883111,"26":0.00823589099784963,"27":0.0290395763953426,"28":0.0401191088762602,"29":0.0777267492068001,"3":0.0759096830641633,"30":0.0150559653493376,"31":0.0195424174250119,"32":0.0891619307532637,"33":0.0517581302643043,"34":0.0223361206806367,"35":0.0175236765642647,"36":0.0183622114042932,"37":0.0919705609917384,"38":0.0516773524555307,"39":0.0305673660568332,"4":0.042421446043289,"40":0.0364421640673185,"41":0.0363791403529328,"42":0.0201662824367527,"43":0.0480203461026203,"44":0.0694850514760089,"45":0.0301199273565151,"46":0.00596244649198692,"47":0.014308852492146,"48":0.0120159597436213,"5":0.0896928212909562,"6":0.023711536663607,"7":0.529685098258529,"8":0.359909188625876,"9":0.50016928371056},"2":{"0":0.0411904682039552,"1":0.0683647651877182,"10":0.0831288277518461,"11":0.0694877376501469,"12":0.0162441049137165,"13":0.0504768737225128,"14":0.415839100271555,"15":0.570661278392974,"16":0.382943704970066,"17":0.582104333164396,"18":0.537121080164617,"19":0.467840818830694,"2":0.0154741216868641,"20":0.389500121364119,"21":0.00713095500614279,"22":0.0183480328892682,"23":0.00961580940401876,"24":0.00892709033818816,"25":0.00529278965474143,"26":0.0035109962214995,"27":0.0179852503637607,"28":0.0101955257105269,"29":0.00834369747716619,"3":0.0409512240334016,"30":0.00679428019913894,"31":0.00776900419448786,"32":0.00576568833521385,"33":0.00808453191557761,"34":0.00569195441907826,"35":0.0106276706942391,"36":0.0100714524787656,"37":0.020355459787369,"38":0.00842487799443645,"39":0.0156340338024139,"4":0.0262189788272881,"40":0.00629382692456059,"41":0.0133298745611492,"42":0.00702067751505999,"43":0.011407290469523,"44":0.0392392573614362,"45":0.0361490468639475,"46":0.00590443724444778,"47":0.00705615236668303,"48":0.00579364456997742,"5":0.0191896431573507,"6":0.0547678860961955,"7":0.0552263155643233,"8":0.0162835715138362,"9":0.0986503884053992},"3":{"0":0.0422063604771254,"1":0.0210397511147001,"10":0.0339733494357321,"11":0.0414437010406364,"12":0.0373522118773619,"13":0.018747144910823,"14":0.0176534043276644,"15":0.0115697505752413,"16":0.00606724279208684,"17":0.0119601147292617,"18":0.00613523092622773,"19":0.00895121136611712,"2":0.00531573439113358,"20":0.00715222062112725,"21":0.476609216116657,"22":0.462742005712531,"23":0.485012624386895,"24":0.471718031415728,"25":0.486735037160773,"26":0.44172620751701,"27":0.264894632837979,"28":0.0571062003630184,"29":0.0108815256595702,"3":0.0401656343974982,"30":0.00870880345721845,"31":0.00428131351738093,"32":0.0241320215719352,"33":0.0214323061639874,"34":0.0466650260633213,"35":0.00505062681992743,"36":0.0129811196954417,"37":0.0657216732903046,"38":0.00910979855369363,"39":0.0158013792471821,"4":0.0259196143598678,"40":0.0432502715917213,"41":0.00404335514252715,"42":0.0475478108590963,"43":0.040172262379635,"44":0.0402322366451788,"45":0.0277128430221791,"46":0.0385299499903028,"47":0.0718560616870113,"48":0.0632745695070721,"5":0.00775890149089285,"6":0.00765233414111367,"7":0.0373377142585945,"8":0.012326999866209,"9":0.0272155239220148},"4":{"0":0.0549717159503112,"1":0.0262454232360314,"10":0.041594000395098,"11":0.0112331618028802,"12":0.100383421068328,"13":0.0263205567647621,"14":0.0107393469945342,"15":0.00495182191386748,"16":0.00618067621653995,"17":0.0179953162080071,"18":0.00462234462762622,"19":0.00581749428992362,"2":0.021991046036208,"20":0.0078896743995934,"21":0.0711782082200338,"22":0.00818360746490861,"23":0.00993382651859946,"24":0.0128158951239812,"25":0.0200739246102656,"26":0.0382988041998322,"27":0.0104598222066625,"28":0.509436258732479,"29":0.427394778503917,"3":0.0353983317884166,"30":0.454742805355564,"31":0.388603335517693,"32":0.450686058781842,"33":0.491992933969834,"34":0.396626773778074,"35":0.0545321625869043,"36":0.0092074513484626,"37":0.0197638897987512,"38":0.0327233616157921,"39":0.0291137386280849,"4":0.0594076413255911,"40":0.0316684742455012,"41":0.0273992854820726,"42":0.0397001940538934,"43":0.0645807094301101,"44":0.0147517596463881,"45":0.0109851050560153,"46":0.0210156189801747,"47":0.0146356922134128,"48":0.0119006828128821,"5":0.0335166024938267,"6":0.00652484123135508,"7":0.0782735022090721,"8":0.0434410574979556,"9":0.0209132279183964},"5":{"0":0.0413443897302212,"1":0.0158580919762648,"10":0.0176217796440716,"11":0.101284740425805,"12":0.047951915757199,"13":0.0206226487862679,"14":0.0317455197695089,"15":0.0114049003046946,"16":0.00581407756790409,"17":0.0203361496446688,"18":0.00757073004447363,"19":0.0069889565886741,"2":0.00958367695319575,"20":0.00660511120615349,"21":0.0269336139539656,"22":0.0497201338044001,"23":0.00919881775368853,"24":0.0321573427299031,"25":0.00423864151075944,"26":0.0156584048793329,"27":0.0440970001990379,"28":0.0364034841878882,"29":0.0398141723084293,"3":0.0187070887961359,"30":0.0147502146385841,"31":0.0345358526891771,"32":0.0221194263430791,"33":0.0302828879053407,"34":0.0189299714216466,"35":0.380830644102889,"36":0.48250376899059,"37":0.484353033437788,"38":0.4853733606651,"39":0.43248667022248,"4":0.0291177199499688,"40":0.486163364578123,"41":0.269295829999429,"42":0.00538494190102569,"43":0.00520415247060159,"44":0.00789111643997598,"45":0.00520549637362603,"46":0.00386710853500903,"47":0.00308851349375738,"48":0.00395719833306953,"5":0.0156645422157179,"6":0.00349550854647627,"7":0.04371135620302,"8":0.0298559029174553,"9":0.02968163827199},"6":{"0":0.0527081337951791,"1":0.073307151307646,"10":0.0263263563988835,"11":0.0200000165364063,"12":0.0146544129022562,"13":0.0218197846384522,"14":0.00723073304150301,"15":0.0173902521470164,"16":0.0128121087220295,"17":0.0184079080916504,"18":0.00760374034349481,"19":0.0446089073088362,"2":0.00472072035456198,"20":0.00750084173379221,"21":0.0513669350762351,"22":0.036618438203434,"23":0.0692096896302974,"24":0.0133806576774876,"25":0.0654676090396785,"26":0.0536510949628717,"27":0.0251668753458168,"28":0.0570090200516224,"29":0.0184728235017793,"3":0.0230927402555986,"30":0.00672262587934634,"31":0.00726368753354361,"32":0.0160765595928492,"33":0.0414233215749624,"34":0.0178805613991377,"35":0.00335450129524462,"36":0.00381848427379398,"37":0.00679063563264932,"38":0.00631791054561241,"39":0.00546104831000995,"4":0.0230781769182007,"40":0.00756670797018215,"41":0.00338344157370189,"42":0.488561031704283,"43":0.425624999402648,"44":0.491397616270349,