{"0":{"0":0.529307249391665,"1":0.624424063737917,"10":0.00311066078557338,"11":0.00684515377530545,"12":0.0050814427384103,"13":0.0044625785598416,"14":0.00529097902397925,"15":0.00580036807977853,"16":0.00665047273161048,"17":0.00703198646453286,"18":0.0117271167592259,"19":0.00970435709868206,"2":0.40048023537069,"20":0.0293519323808674,"21":0.00753520548352408,"22":0.00629481692050998,"23":0.00500188448827503,"24":0.0073837431830957,"25":0.0051423141865736,"26":0.00936267488348764,"27":0.00421138502060294,"28":0.0479200913993121,"29":0.0350403563915823,"3":0.415139640955137,"30":0.0559554539071687,"31":0.0966567647334267,"32":0.123191877383847,"33":0.0605872504076947,"34":0.0431295680908509,"35":0.00799396671767895,"36":0.00356460559752551,"37":0.00949118867045302,"38":0.00430484645698124,"39":0.0153371231230514,"4":0.602696147261429,"40":0.00740088924778197,"41":0.0111317666466504,"42":0.00797233768740865,"43":0.0184580558741529,"44":0.0079389314837356,"45":0.00656416377351368,"46":0.0114618115086692,"47":0.00386395534968825,"48":0.0133978274562508,"49":0.00458143218021566,"5":0.492979660559535,"50":0.00708608157682453,"51":0.0101818010327469,"52":0.00525961129381737,"53":0.00535225913875259,"54":0.00684566241427223,"55":0.00804607416807772,"56":0.0325666757412376,"57":0.0178013780806182,"58":0.0527452855962864,"59":0.0454002203914355,"6":0.374603527407063,"60":0.0168177953523801,"61":0.0181282867147907,"62":0.0422643993684423,"63":0.0171466512200351,"64":0.00423351342768984,"65":0.0091417135805168,"66":0.00635534228286076,"67":0.00569494558278484,"68":0.00752945148071811,"69":0.00783184247282671,"7":0.00407292293418576,"8":0.0171456877438596,"9":0.00473606399351235},"1":{"0":0.00491421274955316,"1":0.00699692003644911,"10":0.396394547422624,"11":0.44290095903288,"12":0.503674145477309,"13":0.242583635335243,"14":0.0055063267099894,"15":0.012963184352168,"16":0.00744492503175503,"17":0.0041898296651326,"18":0.0144252448842487,"19":0.00500758556790653,"2":0.0121649839892885,"20":0.0585649124980371,"21":0.066043871974679,"22":0.0834833580200316,"23":0.0391104553895585,"24":0.0428799991696095,"25":0.0224788495847104,"26":0.0320858767259767,"27":0.0664143050673005,"28":0.025053760555943,"29":0.0295472252883182,"3":0.00382812686523539,"30":0.0269241279041001,"31":0.00896189600914815,"32":0.00940805499494568,"33":0.00549119921285301,"34":0.0301695213827794,"35":0.00877013161784939,"36":0.00316168827153411,"37":0.00688131742886022,"38":0.00264253665908994,"39":0.00520887678675815,"4":0.00853642280403897,"40":0.00411468110297017,"41":0.00357984624078136,"42":0.00847891791475254,"43":0.0287504630737953,"44":0.00830789737101106,"45":0.00610032973275408,"46":0.00605934977356482,"47":0.00487022616940902,"48":0.00921268402597388,"49":0.00541243956669096,"5":0.00815336468187266,"50":0.0564378403392586,"51":0.0226291008642156,"52":0.0330887207896461,"53":0.006970882705507,"54":0.0112374367221208,"55":0.0363065580384044,"56":0.0392571390794717,"57":0.0275820722935416,"58":0.0188740298208391,"59":0.0481142389166343,"6":0.0112372823464505,"60":0.0147522534898735,"61":0.00574895370397912,"62":0.00616525797877931,"63":0.0441075317899133,"64":0.0865713041458633,"65":0.0440103817409199,"66":0.0705952641396727,"67":0.0546099167375873,"68":0.0472525868749982,"69":0.0279244883785909,"7":0.56352503134584,"8":0.444588685197908,"9":0.460582558965827},"2":{"0":0.00540483490509512,"1":0.00817958704716382,"10":0.00477746213927434,"11":0.00980682046554469,"12":0.00693701710791278,"13":0.0166028407755216,"14":0.450430995579807,"15":0.469586111364451,"16":0.462027811737454,"17":0.431501156119411,"18":0.433298311845695,"19":0.428446376133782,"2":0.0387470909685338,"20":0.435312347551437,"21":0.0244028841087685,"22":0.0318468660809744,"23":0.0633765176320957,"24":0.0468006486955634,"25":0.01859025731366,"26":0.0195756727725857,"27":0.00919330039359272,"28":0.0117373110962209,"29":0.1182563439491,"3":0.00343306488914802,"30":0.0273311572216214,"31":0.0127498810427354,"32":0.0212918932360822,"33":0.0064318508853813,"34":0.02090170435014,"35":0.0524332642913629,"36":0.00361428069915413,"37":0.00924099385128205,"38":0.0027806930307071,"39":0.00585462958584241,"4":0.0154513318365883,"40":0.0246403321992019,"41":0.00941614417783157,"42":0.0233385722416165,"43":0.0218756027641774,"44":0.0303203143280217,"45":0.0314346393257517,"46":0.0220047059403609,"47":0.0246638906871906,"48":0.0302343944385622,"49":0.00533912864502154,"5":0.00723675744461227,"50":0.0190134900566974,"51":0.050509926423046,"52":0.0195834707757145,"53":0.00536026536106784,"54":0.0129731712675685,"55":0.00912101019541235,"56":0.0233744645013005,"57":0.0301591237277795,"58":0.0113948575769995,"59":0.0167556864302527,"6":0.00950492381052328,"60":0.0132359904187568,"61":0.0103109549203456,"62":0.00323936815376964,"63":0.00561891020058352,"64":0.00390548115855826,"65":0.0041465132141792,"66":0.00437172953509775,"67":0.00351524420477841,"68":0.00549380287995083,"69":0.012636331063977,"7":0.00647429092317697,"8":0.0556170192718707,"9":0.00891194064163616},"3":{"0":0.00407582390686632,"1":0.00577738993902478,"10":0.0270438948811484,"11":0.0609856631306218,"12":0.0541007676473727,"13":0.0296549004936477,"14":0.054138351395837,"15":0.0324109789273709,"16":0.0110407284209142,"17":0.004800259852771,"18":0.0455512879220308,"19":0.0141207952532157,"2":0.0152403804976958,"20":0.0496008445923697,"21":0.511346072377538,"22":0.404440648976892,"23":0.35075161092046,"24":0.470232945971624,"25":0.533832745652635,"26":0.351872325081037,"27":0.372570697765175,"28":0.0119573565459246,"29":0.0438871031315369,"3":0.00366473670163736,"30":0.0303042915853497,"31":0.0111260618761151,"32":0.0102005335089994,"33":0.00517877458628081,"34":0.0269454519100555,"35":0.00639886473914469,"36":0.00270239501117765,"37":0.00528657793823234,"38":0.00281641445739028,"39":0.00306951403829969,"4":0.0079702318592702,"40":0.00719157218100609,"41":0.00322174026778752,"42":0.0489091540696296,"43":0.0579902702367758,"44":0.0690224990069682,"45":0.00711802484001812,"46":0.0161931050904845,"47":0.0194605925393203,"48":0.0135970673186159,"49":0.00699342154976545,"5":0.00628035369229366,"50":0.0279432306471728,"51":0.0299187002339454,"52":0.0717080615431832,"53":0.0123303359478272,"54":0.00937975934644643,"55":0.0539169400456084,"56":0.0231472209056689,"57":0.0153122050116657,"58":0.00788760999655233,"59":0.0212337587192104,"6":0.010621849418384,"60":0.00682430686390539,"61":0.00449044937383376,"62":0.00353209215115356,"63":0.0172250018837376,"64":0.0394778480945178,"65":0.0128842759721242,"66":0.0125921832475535,"67":0.0216275875923432,"68":0.0175727137140832,"69":0.0107872685150022,"7":0.0772309849659263,"8":0.0543725175793061,"9":0.0235145046061115},"4":{"0":0.0302796519083602,"1":0.127021010216585,"10":0.00601598650358235,"11":0.0305123628128318,"12":0.0122860633757043,"13":0.00745181392345173,"14":0.0231883014114213,"15":0.0110493970495038,"16":0.0408389775666261,"17":0.0072644089376249,"18":0.0758324404128612,"19":0.0166788709145806,"2":0.0316809759435798,"20":0.0351461468313229,"21":0.0322539438547508,"22":0.0141308190381439,"23":0.0109938051565351,"24":0.0278484226665538,"25":0.0119110059822436,"26":0.0268141320116689,"27":0.00749173833423172,"28":0.486399585548359,"29":0.44630256159566,"3":0.0364177741723074,"30":0.526086206762249,"31":0.545731883239577,"32":0.501933193872606,"33":0.391109003183493,"34":0.345008117353285,"35":0.0162280874547794,"36":0.00688048803371831,"37":0.00779585094493032,"38":0.0112317764275346,"39":0.0117572209195309,"4":0.125472597403826,"40":0.00900866607565009,"41":0.0247557585298612,"42":0.0619340695813739,"43":0.0781641503335354,"44":0.0237090621959719,"45":0.0217546968219835,"46":0.0156560506559288,"47":0.0140858730348725,"48":0.0547342415875275,"49":0.00961849832742187,"5":0.0514157412459297,"50":0.0208495077549711,"51":0.0128865319465665,"52":0.00910261118203355,"53":0.01120896067926,"54":0.0162534493671585,